keyword,
canapé club
canape club vintage
canapé club 3 places
canapé club cuir 2 places
canapé club cuir 3 places
canapé ancien tissu
fauteuil club
fauteuil club cuir ancien
fauteuil club cuir tissu
fauteuil club cuir moderne
Fauteuil club anglais cuir
fauteuil club chesterfield
fauteuil club chesterfield cuir
Fauteuil club Cigare
Fauteuil club lounge
Fauteuil club Middletown
fauteuil design cuir vintage
fauteuil ancien louis xvi
Fauteuil Louis XVI
Fauteuil style Louis XVI
Fauteuil Louis XVI canné
fauteuil capitonné design
chaise design cuir
Chaise ancienne
chaise ancienne tissu
pouf chesterfield
fauteuil club
chaise cuir haut de gamme
chaise scandinave haut de gamme
chaise cuisine haut de gamme
chaise bois haut de gamme
fauteuil haut de gamme cuir
table extensible haut de gamme
table salle à manger haut de gamme
bureau ancien bois
Canape aviateur
canape aviateur cuir
canapé club 2 places
canapé club tissu
canapé club tissu 3 places
canapé chesterfield
canapé ancien cuir
canapé art déco 2 places
canapé capitonné cuir
fauteuil club cuir design
fauteuil club aviateur
table 12 personnes
fauteuil style ancien
chaise design scandinave
chaise ancienne bois
chaise en bois ancienne
chaise cuir design
table bois extensible
fauteuil ancien tissu moderne
fauteuil ancien bergere
fauteuil ancien bois et tissu
fauteuil style anglais
table salle a manger 12 personnes
canapé club convertible cuir 2 places
canapé club 4 places
fauteuil bois et cuir design
fauteuil crapaud
fauteuil crapaud ancien
fauteuils anglais
fauteuil chesterfield cuir
fauteuil cuir vintage
canapé chesterfield cuir haut de gamme
canapé chesterfield cuir 3 places
canapé club haut de gamme
canapé chesterfield haut de gamme
canape scandinave haut de gamme
chaise tissu haut de gamme
chaises scandinaves haut de gamme
chaise design haut de gamme
console haut de gamme
table de repas haut de gamme
canapé club tissu 2 places
canape club aviateur
Fauteuil art déco
chaise cuir
chaise tissu design
chaise contemporaine cuir
table extensible bois
fauteuil chesterfield
table bois 12 personnes
table extensible scandinave
table bois scandinave extensible
table bois scandinave
fauteuil tissu design
bureau design
table extensible 14 personnes
bureau ancien
canapé ancien
Fauteuil tissu
table extensible design
table extensible
table salle a manger rectangulaire
table design extensible
console extensible bois